Contract.Number,Plan.ID,SSA.State.County.Code,FIPS.State.County.Code,State,County,Enrollment
E0654,801,7000,9001,CT,Fairfield,83
E0654,801,7010,9003,CT,Hartford,66
E0654,801,7020,9005,CT,Litchfield,29
E0654,801,7030,9007,CT,Middlesex,13
E0654,801,7040,9009,CT,New Haven,123
E0654,801,7050,9011,CT,New London,39
E0654,801,7060,9013,CT,Tolland,17
E0654,801,7070,9015,CT,Windham,26
H0137,1,7010,9003,CT,Hartford,12
H0271,14,7000,9001,CT,Fairfield,4141
H0271,14,7010,9003,CT,Hartford,7763
H0271,14,7020,9005,CT,Litchfield,939
H0271,14,7030,9007,CT,Middlesex,978
H0271,14,7040,9009,CT,New Haven,6811
H0271,14,7050,9011,CT,New London,1654
H0271,14,7060,9013,CT,Tolland,707
H0271,14,7070,9015,CT,Windham,922
H0710,26,7000,9001,CT,Fairfield,634
H0710,26,7010,9003,CT,Hartford,1217
H0710,26,7020,9005,CT,Litchfield,205
H0710,26,7030,9007,CT,Middlesex,221
H0710,26,7040,9009,CT,New Haven,487
H0710,26,7050,9011,CT,New London,138
H0710,26,7060,9013,CT,Tolland,102
H0710,26,7070,9015,CT,Windham,118
H0712,5,7000,9001,CT,Fairfield,1005
H0712,5,7010,9003,CT,Hartford,1324
H0712,5,7020,9005,CT,Litchfield,30
H0712,5,7030,9007,CT,Middlesex,42
H0712,5,7040,9009,CT,New Haven,418
H0712,5,7050,9011,CT,New London,97
H0712,5,7060,9013,CT,Tolland,23
H0712,19,7000,9001,CT,Fairfield,142
H0712,19,7010,9003,CT,Hartford,476
H0712,19,7020,9005,CT,Litchfield,27
H0712,19,7030,9007,CT,Middlesex,21
H0712,19,7040,9009,CT,New Haven,1200
H0712,19,7050,9011,CT,New London,72
H0712,19,7060,9013,CT,Tolland,49
H0712,20,7000,9001,CT,Fairfield,632
H0712,20,7010,9003,CT,Hartford,585
H0712,20,7020,9005,CT,Litchfield,36
H0712,20,7030,9007,CT,Middlesex,37
H0712,20,7040,9009,CT,New Haven,344
H0712,20,7050,9011,CT,New London,76
H0712,20,7060,9013,CT,Tolland,91
H0712,28,7000,9001,CT,Fairfield,232
H0712,28,7010,9003,CT,Hartford,297
H0712,29,7000,9001,CT,Fairfield,108
H0712,29,7010,9003,CT,Hartford,148
H0712,29,7020,9005,CT,Litchfield,18
H0712,29,7030,9007,CT,Middlesex,11
H0712,29,7040,9009,CT,New Haven,236
H0712,29,7050,9011,CT,New London,28
H0755,30,7000,9001,CT,Fairfield,1944
H0755,30,7010,9003,CT,Hartford,2093
H0755,30,7020,9005,CT,Litchfield,214
H0755,30,7030,9007,CT,Middlesex,217
H0755,30,7040,9009,CT,New Haven,1235
H0755,30,7050,9011,CT,New London,285
H0755,30,7060,9013,CT,Tolland,232
H0755,30,7070,9015,CT,Windham,198
H0755,31,7000,9001,CT,Fairfield,4440
H0755,31,7010,9003,CT,Hartford,7944
H0755,31,7020,9005,CT,Litchfield,938
H0755,31,7030,9007,CT,Middlesex,883
H0755,31,7040,9009,CT,New Haven,3292
H0755,31,7050,9011,CT,New London,1741
H0755,31,7060,9013,CT,Tolland,1372
H0755,31,7070,9015,CT,Windham,942
H0755,32,7000,9001,CT,Fairfield,87
H0755,32,7010,9003,CT,Hartford,125
H0755,32,7020,9005,CT,Litchfield,31
H0755,32,7030,9007,CT,Middlesex,19
H0755,32,7040,9009,CT,New Haven,91
H0755,32,7050,9011,CT,New London,59
H0755,32,7060,9013,CT,Tolland,11
H0755,32,7070,9015,CT,Windham,12
H0755,33,7000,9001,CT,Fairfield,4103
H0755,33,7010,9003,CT,Hartford,7095
H0755,33,7020,9005,CT,Litchfield,1109
H0755,33,7030,9007,CT,Middlesex,1183
H0755,33,7040,9009,CT,New Haven,3965
H0755,33,7050,9011,CT,New London,1934
H0755,33,7060,9013,CT,Tolland,1181
H0755,33,7070,9015,CT,Windham,1049
H0755,810,7000,9001,CT,Fairfield,35
H0755,810,7010,9003,CT,Hartford,82
H0755,810,7020,9005,CT,Litchfield,17
H0755,810,7040,9009,CT,New Haven,57
H0755,810,7050,9011,CT,New London,12
H0755,810,7060,9013,CT,Tolland,20
H1666,801,7000,9001,CT,Fairfield,16
H1914,1,7000,9001,CT,Fairfield,515
H1914,1,7010,9003,CT,Hartford,566
H1914,1,7020,9005,CT,Litchfield,173
H1914,1,7030,9007,CT,Middlesex,99
H1914,1,7040,9009,CT,New Haven,708
H1914,1,7050,9011,CT,New London,200
H1914,1,7060,9013,CT,Tolland,101
H2001,816,7000,9001,CT,Fairfield,221
H2001,816,7010,9003,CT,Hartford,415
H2001,816,7020,9005,CT,Litchfield,110
H2001,816,7030,9007,CT,Middlesex,47
H2001,816,7040,9009,CT,New Haven,296
H2001,816,7050,9011,CT,New London,71
H2001,816,7060,9013,CT,Tolland,49
H2001,816,7070,9015,CT,Windham,45
H2001,817,7000,9001,CT,Fairfield,1369
H2001,817,7010,9003,CT,Hartford,1534
H2001,817,7020,9005,CT,Litchfield,220
H2001,817,7030,9007,CT,Middlesex,375
H2001,817,7040,9009,CT,New Haven,1276
H2001,817,7050,9011,CT,New London,1303
H2001,817,7060,9013,CT,Tolland,200
H2001,817,7070,9015,CT,Windham,122
H2001,823,7000,9001,CT,Fairfield,27
H2001,823,7040,9009,CT,New Haven,11
H2001,827,7040,9009,CT,New Haven,13
H2001,836,7010,9003,CT,Hartford,18
H2001,836,7040,9009,CT,New Haven,12
H2001,838,7000,9001,CT,Fairfield,3013
H2001,838,7010,9003,CT,Hartford,12348
H2001,838,7020,9005,CT,Litchfield,2337
H2001,838,7030,9007,CT,Middlesex,3118
H2001,838,7040,9009,CT,New Haven,7121
H2001,838,7050,9011,CT,New London,3888
H2001,838,7060,9013,CT,Tolland,3399
H2001,838,7070,9015,CT,Windham,2400
H2001,840,7000,9001,CT,Fairfield,98
H2001,840,7010,9003,CT,Hartford,44
H2001,840,7040,9009,CT,New Haven,19
H2001,847,7000,9001,CT,Fairfield,784
H2001,847,7010,9003,CT,Hartford,1545
H2001,847,7020,9005,CT,Litchfield,160
H2001,847,7030,9007,CT,Middlesex,212
H2001,847,7040,9009,CT,New Haven,601
H2001,847,7050,9011,CT,New London,196
H2001,847,7060,9013,CT,Tolland,210
H2001,847,7070,9015,CT,Windham,119
H3276,1,7000,9001,CT,Fairfield,245
H3276,1,7010,9003,CT,Hartford,832
H3276,1,7020,9005,CT,Litchfield,18
H3276,1,7030,9007,CT,Middlesex,21
H3276,1,7040,9009,CT,New Haven,424
H3276,1,7050,9011,CT,New London,28
H3276,1,7060,9013,CT,Tolland,20
H3276,1,7070,9015,CT,Windham,19
H3359,21,7040,9009,CT,New Haven,11
H3442,1,7000,9001,CT,Fairfield,1893
H3442,1,7010,9003,CT,Hartford,2536
H3442,1,7020,9005,CT,Litchfield,406
H3442,1,7030,9007,CT,Middlesex,628
H3442,1,7040,9009,CT,New Haven,1833
H3442,1,7050,9011,CT,New London,925
H3442,1,7060,9013,CT,Tolland,345
H3442,1,7070,9015,CT,Windham,537
H3528,3,7000,9001,CT,Fairfield,175
H3528,3,7010,9003,CT,Hartford,346
H3528,3,7020,9005,CT,Litchfield,82
H3528,3,7030,9007,CT,Middlesex,186
H3528,3,7040,9009,CT,New Haven,379
H3528,3,7050,9011,CT,New London,120
H3528,3,7060,9013,CT,Tolland,78
H3528,3,7070,9015,CT,Windham,59
H3528,6,7000,9001,CT,Fairfield,126
H3528,6,7010,9003,CT,Hartford,100
H3528,6,7020,9005,CT,Litchfield,29
H3528,6,7030,9007,CT,Middlesex,25
H3528,6,7040,9009,CT,New Haven,72
H3528,6,7050,9011,CT,New London,28
H3528,6,7060,9013,CT,Tolland,21
H3528,10,7000,9001,CT,Fairfield,567
H3528,10,7010,9003,CT,Hartford,4820
H3528,10,7020,9005,CT,Litchfield,743
H3528,10,7030,9007,CT,Middlesex,1946
H3528,10,7040,9009,CT,New Haven,1901
H3528,10,7050,9011,CT,New London,1218
H3528,10,7060,9013,CT,Tolland,806
H3528,10,7070,9015,CT,Windham,534
H3528,11,7000,9001,CT,Fairfield,2388
H3528,11,7010,9003,CT,Hartford,3972
H3528,11,7020,9005,CT,Litchfield,849
H3528,11,7030,9007,CT,Middlesex,1791
H3528,11,7040,9009,CT,New Haven,4449
H3528,11,7050,9011,CT,New London,1378
H3528,11,7060,9013,CT,Tolland,824
H3528,11,7070,9015,CT,Windham,516
H3528,14,7000,9001,CT,Fairfield,1264
H3528,14,7010,9003,CT,Hartford,3410
H3528,14,7020,9005,CT,Litchfield,746
H3528,14,7030,9007,CT,Middlesex,967
H3528,14,7040,9009,CT,New Haven,2806
H3528,14,7050,9011,CT,New London,996
H3528,14,7060,9013,CT,Tolland,901
H3528,14,7070,9015,CT,Windham,260
H3528,15,7000,9001,CT,Fairfield,12
H3528,15,7010,9003,CT,Hartford,602
H3528,15,7020,9005,CT,Litchfield,128
H3528,15,7030,9007,CT,Middlesex,216
H3528,15,7040,9009,CT,New Haven,705
H3528,15,7050,9011,CT,New London,159
H3528,15,7060,9013,CT,Tolland,95
H3528,15,7070,9015,CT,Windham,39
H3528,16,7010,9003,CT,Hartford,570
H3528,16,7020,9005,CT,Litchfield,109
H3528,16,7030,9007,CT,Middlesex,198
H3528,16,7040,9009,CT,New Haven,690
H3528,16,7050,9011,CT,New London,119
H3528,16,7060,9013,CT,Tolland,107
H3528,16,7070,9015,CT,Windham,50
H3528,801,7000,9001,CT,Fairfield,31
H3528,801,7040,9009,CT,New Haven,283
H3528,806,7000,9001,CT,Fairfield,28
H3528,806,7010,9003,CT,Hartford,112
H3528,806,7020,9005,CT,Litchfield,67
H3528,806,7030,9007,CT,Middlesex,45
H3528,806,7040,9009,CT,New Haven,54
H3528,806,7050,9011,CT,New London,18
H3528,806,7060,9013,CT,Tolland,28
H3916,802,7010,9003,CT,Hartford,14
H3916,802,7030,9007,CT,Middlesex,24
H3916,802,7040,9009,CT,New Haven,273
H4003,34,7010,9003,CT,Hartford,12
H4003,34,7040,9009,CT,New Haven,13
H4036,805,7000,9001,CT,Fairfield,17
H4036,805,7010,9003,CT,Hartford,27
H4036,805,7030,9007,CT,Middlesex,19
H4036,805,7040,9009,CT,New Haven,313
H4909,804,7000,9001,CT,Fairfield,19
H4909,804,7030,9007,CT,Middlesex,20
H4909,804,7040,9009,CT,New Haven,490
H4909,805,7000,9001,CT,Fairfield,5215
H4909,805,7010,9003,CT,Hartford,5029
H4909,805,7020,9005,CT,Litchfield,1398
H4909,805,7030,9007,CT,Middlesex,1523
H4909,805,7040,9009,CT,New Haven,4695
H4909,805,7050,9011,CT,New London,3136
H4909,805,7060,9013,CT,Tolland,1068
H4909,805,7070,9015,CT,Windham,677
H5216,805,7010,9003,CT,Hartford,23
H5216,805,7020,9005,CT,Litchfield,108
H5216,805,7040,9009,CT,New Haven,12
H5216,806,7000,9001,CT,Fairfield,63
H5216,806,7010,9003,CT,Hartford,89
H5216,806,7020,9005,CT,Litchfield,16
H5216,806,7030,9007,CT,Middlesex,20
H5216,806,7040,9009,CT,New Haven,61
H5273,1,7010,9003,CT,Hartford,729
H5273,1,7020,9005,CT,Litchfield,72
H5273,1,7040,9009,CT,New Haven,186
H5273,1,7050,9011,CT,New London,156
H5273,1,7060,9013,CT,Tolland,180
H5273,1,7070,9015,CT,Windham,90
H5273,2,7010,9003,CT,Hartford,105
H5273,2,7040,9009,CT,New Haven,39
H5273,2,7050,9011,CT,New London,33
H5273,2,7060,9013,CT,Tolland,30
H5273,2,7070,9015,CT,Windham,13
H5273,3,7010,9003,CT,Hartford,77
H5273,3,7040,9009,CT,New Haven,18
H5273,3,7050,9011,CT,New London,18
H5273,3,7060,9013,CT,Tolland,13
H5273,3,7070,9015,CT,Windham,18
H5521,13,7000,9001,CT,Fairfield,1013
H5521,13,7010,9003,CT,Hartford,543
H5521,13,7020,9005,CT,Litchfield,254
H5521,13,7030,9007,CT,Middlesex,42
H5521,13,7040,9009,CT,New Haven,996
H5521,13,7050,9011,CT,New London,59
H5521,13,7060,9013,CT,Tolland,71
H5521,13,7070,9015,CT,Windham,21
H5521,120,7000,9001,CT,Fairfield,14
H5521,157,7000,9001,CT,Fairfield,8582
H5521,157,7010,9003,CT,Hartford,6981
H5521,157,7020,9005,CT,Litchfield,3050
H5521,157,7030,9007,CT,Middlesex,1105
H5521,157,7040,9009,CT,New Haven,11527
H5521,157,7050,9011,CT,New London,1169
H5521,157,7060,9013,CT,Tolland,1057
H5521,157,7070,9015,CT,Windham,587
H5521,801,7000,9001,CT,Fairfield,1088
H5521,801,7010,9003,CT,Hartford,541
H5521,801,7020,9005,CT,Litchfield,239
H5521,801,7030,9007,CT,Middlesex,259
H5521,801,7040,9009,CT,New Haven,3763
H5521,801,7050,9011,CT,New London,150
H5521,801,7060,9013,CT,Tolland,31
H5521,801,7070,9015,CT,Windham,32
H5521,802,7000,9001,CT,Fairfield,1132
H5521,802,7010,9003,CT,Hartford,2178
H5521,802,7020,9005,CT,Litchfield,211
H5521,802,7030,9007,CT,Middlesex,271
H5521,802,7040,9009,CT,New Haven,790
H5521,802,7050,9011,CT,New London,328
H5521,802,7060,9013,CT,Tolland,327
H5521,802,7070,9015,CT,Windham,146
H5793,1,7000,9001,CT,Fairfield,265
H5793,1,7010,9003,CT,Hartford,842
H5793,1,7020,9005,CT,Litchfield,441
H5793,1,7040,9009,CT,New Haven,293
H5793,1,7060,9013,CT,Tolland,68
H5793,10,7000,9001,CT,Fairfield,1611
H5793,10,7010,9003,CT,Hartford,1238
H5793,10,7020,9005,CT,Litchfield,462
H5793,10,7030,9007,CT,Middlesex,53
H5793,10,7040,9009,CT,New Haven,2473
H5793,10,7050,9011,CT,New London,113
H5793,10,7060,9013,CT,Tolland,139
H5793,10,7070,9015,CT,Windham,38
H5793,12,7000,9001,CT,Fairfield,262
H5793,12,7010,9003,CT,Hartford,403
H5793,12,7020,9005,CT,Litchfield,78
H5793,12,7030,9007,CT,Middlesex,41
H5793,12,7040,9009,CT,New Haven,431
H5793,12,7050,9011,CT,New London,65
H5793,12,7060,9013,CT,Tolland,50
H5793,12,7070,9015,CT,Windham,29
H5854,7,7010,9003,CT,Hartford,577
H5854,8,7000,9001,CT,Fairfield,1274
H5854,8,7010,9003,CT,Hartford,1986
H5854,8,7020,9005,CT,Litchfield,367
H5854,8,7030,9007,CT,Middlesex,305
H5854,8,7040,9009,CT,New Haven,2214
H5854,8,7050,9011,CT,New London,288
H5854,8,7060,9013,CT,Tolland,220
H5854,8,7070,9015,CT,Windham,197
H5854,9,7000,9001,CT,Fairfield,490
H5854,9,7020,9005,CT,Litchfield,115
H5854,9,7030,9007,CT,Middlesex,51
H5854,9,7040,9009,CT,New Haven,612
H5854,9,7070,9015,CT,Windham,42
H5854,10,7000,9001,CT,Fairfield,1903
H5854,10,7010,9003,CT,Hartford,2086
H5854,10,7020,9005,CT,Litchfield,639
H5854,10,7030,9007,CT,Middlesex,658
H5854,10,7040,9009,CT,New Haven,3688
H5854,10,7070,9015,CT,Windham,275
H5854,11,7000,9001,CT,Fairfield,396
H5854,11,7010,9003,CT,Hartford,794
H5854,11,7020,9005,CT,Litchfield,144
H5854,11,7030,9007,CT,Middlesex,135
H5854,11,7040,9009,CT,New Haven,894
H5854,11,7050,9011,CT,New London,369
H5854,11,7060,9013,CT,Tolland,159
H5854,11,7070,9015,CT,Windham,108
H5854,12,7000,9001,CT,Fairfield,44
H5854,12,7010,9003,CT,Hartford,33
H5854,13,7000,9001,CT,Fairfield,1136
H5854,13,7010,9003,CT,Hartford,2507
H5854,13,7020,9005,CT,Litchfield,335
H5854,13,7030,9007,CT,Middlesex,345
H5854,13,7040,9009,CT,New Haven,2554
H5854,13,7050,9011,CT,New London,336
H5854,13,7060,9013,CT,Tolland,199
H5854,13,7070,9015,CT,Windham,200
H5854,15,7040,9009,CT,New Haven,415
H9572,802,7000,9001,CT,Fairfield,24
R7444,1,7000,9001,CT,Fairfield,1251
R7444,1,7010,9003,CT,Hartford,1101
R7444,1,7020,9005,CT,Litchfield,314
R7444,1,7030,9007,CT,Middlesex,187
R7444,1,7040,9009,CT,New Haven,676
R7444,1,7050,9011,CT,New London,458
R7444,1,7060,9013,CT,Tolland,200
R7444,1,7070,9015,CT,Windham,341
S0655,801,7010,9003,CT,Hartford,13
S2893,1,7000,9001,CT,Fairfield,2036
S2893,1,7010,9003,CT,Hartford,1601
S2893,1,7020,9005,CT,Litchfield,537
S2893,1,7030,9007,CT,Middlesex,472
S2893,1,7040,9009,CT,New Haven,1805
S2893,1,7050,9011,CT,New London,616
S2893,1,7060,9013,CT,Tolland,248
S2893,1,7070,9015,CT,Windham,238
S2893,3,7000,9001,CT,Fairfield,597
S2893,3,7010,9003,CT,Hartford,431
S2893,3,7020,9005,CT,Litchfield,124
S2893,3,7030,9007,CT,Middlesex,123
S2893,3,7040,9009,CT,New Haven,541
S2893,3,7050,9011,CT,New London,171
S2893,3,7060,9013,CT,Tolland,67
S2893,3,7070,9015,CT,Windham,53
S2893,801,7000,9001,CT,Fairfield,139
S2893,801,7010,9003,CT,Hartford,443
S2893,801,7020,9005,CT,Litchfield,115
S2893,801,7030,9007,CT,Middlesex,69
S2893,801,7040,9009,CT,New Haven,135
S2893,801,7050,9011,CT,New London,179
S2893,801,7060,9013,CT,Tolland,43
S2893,801,7070,9015,CT,Windham,75
S4501,804,7000,9001,CT,Fairfield,243
S4501,804,7040,9009,CT,New Haven,11
S4607,2,7000,9001,CT,Fairfield,12
S4802,76,7000,9001,CT,Fairfield,2505
S4802,76,7010,9003,CT,Hartford,2576
S4802,76,7020,9005,CT,Litchfield,744
S4802,76,7030,9007,CT,Middlesex,503
S4802,76,7040,9009,CT,New Haven,2949
S4802,76,7050,9011,CT,New London,1209
S4802,76,7060,9013,CT,Tolland,323
S4802,76,7070,9015,CT,Windham,581
S4802,77,7000,9001,CT,Fairfield,15
S4802,77,7040,9009,CT,New Haven,13
S4802,137,7000,9001,CT,Fairfield,3071
S4802,137,7010,9003,CT,Hartford,1457
S4802,137,7020,9005,CT,Litchfield,605
S4802,137,7030,9007,CT,Middlesex,355
S4802,137,7040,9009,CT,New Haven,1346
S4802,137,7050,9011,CT,New London,598
S4802,137,7060,9013,CT,Tolland,313
S4802,137,7070,9015,CT,Windham,217
S4802,171,7000,9001,CT,Fairfield,1046
S4802,171,7010,9003,CT,Hartford,671
S4802,171,7020,9005,CT,Litchfield,311
S4802,171,7030,9007,CT,Middlesex,164
S4802,171,7040,9009,CT,New Haven,680
S4802,171,7050,9011,CT,New London,308
S4802,171,7060,9013,CT,Tolland,97
S4802,171,7070,9015,CT,Windham,176
S5552,4,7000,9001,CT,Fairfield,37
S5552,4,7040,9009,CT,New Haven,23
S5601,4,7000,9001,CT,Fairfield,11382
S5601,4,7010,9003,CT,Hartford,10590
S5601,4,7020,9005,CT,Litchfield,2857
S5601,4,7030,9007,CT,Middlesex,1898
S5601,4,7040,9009,CT,New Haven,11058
S5601,4,7050,9011,CT,New London,3862
S5601,4,7060,9013,CT,Tolland,1277
S5601,4,7070,9015,CT,Windham,1663
S5601,5,7000,9001,CT,Fairfield,440
S5601,5,7010,9003,CT,Hartford,269
S5601,5,7020,9005,CT,Litchfield,109
S5601,5,7030,9007,CT,Middlesex,60
S5601,5,7040,9009,CT,New Haven,321
S5601,5,7050,9011,CT,New London,108
S5601,5,7060,9013,CT,Tolland,58
S5601,5,7070,9015,CT,Windham,33
S5601,6,7000,9001,CT,Fairfield,112
S5601,6,7010,9003,CT,Hartford,26
S5601,6,7020,9005,CT,Litchfield,14
S5601,6,7040,9009,CT,New Haven,42
S5601,8,7000,9001,CT,Fairfield,14
S5601,22,7000,9001,CT,Fairfield,57
S5601,22,7010,9003,CT,Hartford,58
S5601,22,7040,9009,CT,New Haven,63
S5601,22,7050,9011,CT,New London,17
S5601,64,7000,9001,CT,Fairfield,11
S5601,801,7000,9001,CT,Fairfield,589
S5601,801,7010,9003,CT,Hartford,367
S5601,801,7020,9005,CT,Litchfield,159
S5601,801,7030,9007,CT,Middlesex,126
S5601,801,7040,9009,CT,New Haven,655
S5601,801,7050,9011,CT,New London,139
S5601,801,7060,9013,CT,Tolland,36
S5601,801,7070,9015,CT,Windham,42
S5601,805,7000,9001,CT,Fairfield,1288
S5601,805,7010,9003,CT,Hartford,1209
S5601,805,7020,9005,CT,Litchfield,216
S5601,805,7030,9007,CT,Middlesex,221
S5601,805,7040,9009,CT,New Haven,615
S5601,805,7050,9011,CT,New London,1226
S5601,805,7060,9013,CT,Tolland,184
S5601,805,7070,9015,CT,Windham,121
S5601,807,7000,9001,CT,Fairfield,67
S5601,807,7010,9003,CT,Hartford,15
S5601,807,7030,9007,CT,Middlesex,59
S5601,807,7040,9009,CT,New Haven,41
S5601,807,7050,9011,CT,New London,28
S5601,807,7070,9015,CT,Windham,23
S5601,811,7000,9001,CT,Fairfield,1064
S5601,811,7010,9003,CT,Hartford,168
S5601,811,7020,9005,CT,Litchfield,215
S5601,811,7030,9007,CT,Middlesex,80
S5601,811,7040,9009,CT,New Haven,470
S5601,811,7050,9011,CT,New London,99
S5601,811,7060,9013,CT,Tolland,16
S5601,811,7070,9015,CT,Windham,15
S5601,813,7000,9001,CT,Fairfield,265
S5601,813,7010,9003,CT,Hartford,19
S5601,813,7020,9005,CT,Litchfield,18
S5601,813,7040,9009,CT,New Haven,49
S5601,816,7000,9001,CT,Fairfield,79
S5601,816,7010,9003,CT,Hartford,157
S5601,816,7020,9005,CT,Litchfield,21
S5601,816,7030,9007,CT,Middlesex,39
S5601,816,7040,9009,CT,New Haven,243
S5601,816,7050,9011,CT,New London,54
S5601,816,7060,9013,CT,Tolland,18
S5601,816,7070,9015,CT,Windham,16
S5601,818,7000,9001,CT,Fairfield,203
S5601,818,7010,9003,CT,Hartford,76
S5601,818,7020,9005,CT,Litchfield,47
S5601,818,7030,9007,CT,Middlesex,174
S5601,818,7040,9009,CT,New Haven,3378
S5601,818,7050,9011,CT,New London,59
S5601,820,7000,9001,CT,Fairfield,118
S5601,820,7010,9003,CT,Hartford,25
S5601,820,7020,9005,CT,Litchfield,12
S5601,820,7040,9009,CT,New Haven,56
S5601,820,7050,9011,CT,New London,12
S5617,8,7000,9001,CT,Fairfield,974
S5617,8,7010,9003,CT,Hartford,949
S5617,8,7020,9005,CT,Litchfield,220
S5617,8,7030,9007,CT,Middlesex,161
S5617,8,7040,9009,CT,New Haven,972
S5617,8,7050,9011,CT,New London,369
S5617,8,7060,9013,CT,Tolland,117
S5617,8,7070,9015,CT,Windham,167
S5617,13,7000,9001,CT,Fairfield,38
S5617,13,7040,9009,CT,New Haven,12
S5617,247,7000,9001,CT,Fairfield,445
S5617,247,7010,9003,CT,Hartford,272
S5617,247,7020,9005,CT,Litchfield,108
S5617,247,7030,9007,CT,Middlesex,56
S5617,247,7040,9009,CT,New Haven,291
S5617,247,7050,9011,CT,New London,106
S5617,247,7060,9013,CT,Tolland,46
S5617,247,7070,9015,CT,Windham,28
S5617,281,7000,9001,CT,Fairfield,492
S5617,281,7010,9003,CT,Hartford,226
S5617,281,7020,9005,CT,Litchfield,123
S5617,281,7030,9007,CT,Middlesex,59
S5617,281,7040,9009,CT,New Haven,209
S5617,281,7050,9011,CT,New London,127
S5617,281,7060,9013,CT,Tolland,44
S5617,281,7070,9015,CT,Windham,48
S5617,801,7000,9001,CT,Fairfield,142
S5617,801,7010,9003,CT,Hartford,76
S5617,801,7020,9005,CT,Litchfield,15
S5617,801,7030,9007,CT,Middlesex,58
S5617,801,7040,9009,CT,New Haven,19
S5617,801,7050,9011,CT,New London,21
S5617,805,7000,9001,CT,Fairfield,107
S5617,805,7010,9003,CT,Hartford,608
S5617,805,7020,9005,CT,Litchfield,35
S5617,805,7030,9007,CT,Middlesex,24
S5617,805,7040,9009,CT,New Haven,48
S5617,805,7050,9011,CT,New London,20
S5617,805,7060,9013,CT,Tolland,59
S5660,105,7000,9001,CT,Fairfield,617
S5660,105,7010,9003,CT,Hartford,492
S5660,105,7020,9005,CT,Litchfield,150
S5660,105,7030,9007,CT,Middlesex,111
S5660,105,7040,9009,CT,New Haven,419
S5660,105,7050,9011,CT,New London,189
S5660,105,7060,9013,CT,Tolland,75
S5660,105,7070,9015,CT,Windham,74
S5660,206,7000,9001,CT,Fairfield,195
S5660,206,7010,9003,CT,Hartford,98
S5660,206,7020,9005,CT,Litchfield,32
S5660,206,7030,9007,CT,Middlesex,26
S5660,206,7040,9009,CT,New Haven,112
S5660,206,7050,9011,CT,New London,39
S5660,206,7060,9013,CT,Tolland,16
S5660,206,7070,9015,CT,Windham,27
S5660,219,7000,9001,CT,Fairfield,602
S5660,219,7010,9003,CT,Hartford,439
S5660,219,7020,9005,CT,Litchfield,132
S5660,219,7030,9007,CT,Middlesex,105
S5660,219,7040,9009,CT,New Haven,477
S5660,219,7050,9011,CT,New London,193
S5660,219,7060,9013,CT,Tolland,90
S5660,219,7070,9015,CT,Windham,62
S5660,801,7000,9001,CT,Fairfield,8331
S5660,801,7010,9003,CT,Hartford,7376
S5660,801,7020,9005,CT,Litchfield,2031
S5660,801,7030,9007,CT,Middlesex,2113
S5660,801,7040,9009,CT,New Haven,7145
S5660,801,7050,9011,CT,New London,3827
S5660,801,7060,9013,CT,Tolland,1441
S5660,801,7070,9015,CT,Windham,928
S5660,802,7000,9001,CT,Fairfield,42
S5660,802,7010,9003,CT,Hartford,25
S5660,802,7040,9009,CT,New Haven,55
S5660,803,7000,9001,CT,Fairfield,16
S5660,803,7010,9003,CT,Hartford,23
S5660,803,7040,9009,CT,New Haven,12
S5660,806,7000,9001,CT,Fairfield,34
S5660,806,7010,9003,CT,Hartford,443
S5660,806,7020,9005,CT,Litchfield,159
S5660,806,7030,9007,CT,Middlesex,34
S5660,806,7040,9009,CT,New Haven,175
S5660,806,7050,9011,CT,New London,20
S5660,806,7070,9015,CT,Windham,11
S5768,126,7000,9001,CT,Fairfield,1040
S5768,126,7010,9003,CT,Hartford,794
S5768,126,7020,9005,CT,Litchfield,283
S5768,126,7030,9007,CT,Middlesex,172
S5768,126,7040,9009,CT,New Haven,793
S5768,126,7050,9011,CT,New London,260
S5768,126,7060,9013,CT,Tolland,125
S5768,126,7070,9015,CT,Windham,143
S5805,803,7000,9001,CT,Fairfield,14
S5810,36,7000,9001,CT,Fairfield,2234
S5810,36,7010,9003,CT,Hartford,2446
S5810,36,7020,9005,CT,Litchfield,598
S5810,36,7030,9007,CT,Middlesex,408
S5810,36,7040,9009,CT,New Haven,2277
S5810,36,7050,9011,CT,New London,871
S5810,36,7060,9013,CT,Tolland,262
S5810,36,7070,9015,CT,Windham,397
S5810,37,7000,9001,CT,Fairfield,17
S5810,276,7000,9001,CT,Fairfield,1834
S5810,276,7010,9003,CT,Hartford,1198
S5810,276,7020,9005,CT,Litchfield,375
S5810,276,7030,9007,CT,Middlesex,293
S5810,276,7040,9009,CT,New Haven,1267
S5810,276,7050,9011,CT,New London,466
S5810,276,7060,9013,CT,Tolland,212
S5810,276,7070,9015,CT,Windham,144
S5820,2,7000,9001,CT,Fairfield,12830
S5820,2,7010,9003,CT,Hartford,8343
S5820,2,7020,9005,CT,Litchfield,2733
S5820,2,7030,9007,CT,Middlesex,2071
S5820,2,7040,9009,CT,New Haven,8100
S5820,2,7050,9011,CT,New London,2567
S5820,2,7060,9013,CT,Tolland,1499
S5820,2,7070,9015,CT,Windham,1069
S5820,803,7010,9003,CT,Hartford,20
S5820,803,7030,9007,CT,Middlesex,13
S5820,814,7000,9001,CT,Fairfield,20
S5820,814,7010,9003,CT,Hartford,105
S5884,102,7000,9001,CT,Fairfield,3680
S5884,102,7010,9003,CT,Hartford,3899
S5884,102,7020,9005,CT,Litchfield,967
S5884,102,7030,9007,CT,Middlesex,671
S5884,102,7040,9009,CT,New Haven,3959
S5884,102,7050,9011,CT,New London,1525
S5884,102,7060,9013,CT,Tolland,440
S5884,102,7070,9015,CT,Windham,705
S5884,149,7000,9001,CT,Fairfield,2668
S5884,149,7010,9003,CT,Hartford,2112
S5884,149,7020,9005,CT,Litchfield,775
S5884,149,7030,9007,CT,Middlesex,544
S5884,149,7040,9009,CT,New Haven,2000
S5884,149,7050,9011,CT,New London,774
S5884,149,7060,9013,CT,Tolland,317
S5884,149,7070,9015,CT,Windham,398
S5884,182,7000,9001,CT,Fairfield,1117
S5884,182,7010,9003,CT,Hartford,802
S5884,182,7020,9005,CT,Litchfield,362
S5884,182,7030,9007,CT,Middlesex,245
S5884,182,7040,9009,CT,New Haven,822
S5884,182,7050,9011,CT,New London,417
S5884,182,7060,9013,CT,Tolland,127
S5884,182,7070,9015,CT,Windham,232
S5884,834,7000,9001,CT,Fairfield,19
S5884,834,7010,9003,CT,Hartford,140
S5884,834,7040,9009,CT,New Haven,40
S5921,348,7000,9001,CT,Fairfield,5583
S5921,348,7010,9003,CT,Hartford,4820
S5921,348,7020,9005,CT,Litchfield,1302
S5921,348,7030,9007,CT,Middlesex,931
S5921,348,7040,9009,CT,New Haven,4762
S5921,348,7050,9011,CT,New London,1821
S5921,348,7060,9013,CT,Tolland,723
S5921,348,7070,9015,CT,Windham,821
S5921,385,7000,9001,CT,Fairfield,3492
S5921,385,7010,9003,CT,Hartford,2167
S5921,385,7020,9005,CT,Litchfield,671
S5921,385,7030,9007,CT,Middlesex,570
S5921,385,7040,9009,CT,New Haven,2026
S5921,385,7050,9011,CT,New London,646
S5921,385,7060,9013,CT,Tolland,429
S5921,385,7070,9015,CT,Windham,245
S5921,802,7040,9009,CT,New Haven,40
S5960,801,7000,9001,CT,Fairfield,34
S5960,801,7040,9009,CT,New Haven,21
S5966,803,7000,9001,CT,Fairfield,360
S5966,803,7010,9003,CT,Hartford,45
S5966,803,7020,9005,CT,Litchfield,49
S5966,803,7030,9007,CT,Middlesex,19
S5966,803,7040,9009,CT,New Haven,106
S5966,803,7050,9011,CT,New London,15
S5983,4,7000,9001,CT,Fairfield,54
S5983,4,7010,9003,CT,Hartford,17
S5983,4,7040,9009,CT,New Haven,31
S7126,2,7000,9001,CT,Fairfield,89
S7126,2,7010,9003,CT,Hartford,38
S7126,2,7020,9005,CT,Litchfield,23
S7126,2,7040,9009,CT,New Haven,65
S7126,2,7050,9011,CT,New London,13
S7126,2,7070,9015,CT,Windham,14
S7126,35,7000,9001,CT,Fairfield,465
S7126,35,7010,9003,CT,Hartford,279
S7126,35,7020,9005,CT,Litchfield,108
S7126,35,7030,9007,CT,Middlesex,95
S7126,35,7040,9009,CT,New Haven,368
S7126,35,7050,9011,CT,New London,103
S7126,35,7060,9013,CT,Tolland,44
S7126,35,7070,9015,CT,Windham,51
S7694,2,7000,9001,CT,Fairfield,4128
S7694,2,7010,9003,CT,Hartford,2486
S7694,2,7020,9005,CT,Litchfield,959
S7694,2,7030,9007,CT,Middlesex,461
S7694,2,7040,9009,CT,New Haven,3047
S7694,2,7050,9011,CT,New London,1074
S7694,2,7060,9013,CT,Tolland,325
S7694,2,7070,9015,CT,Windham,477
S7694,3,7000,9001,CT,Fairfield,13
S7694,803,7000,9001,CT,Fairfield,172
S7694,803,7010,9003,CT,Hartford,34
S7694,803,7020,9005,CT,Litchfield,23
S7694,803,7030,9007,CT,Middlesex,23
S7694,803,7040,9009,CT,New Haven,142
S7694,803,7050,9011,CT,New London,22
S7694,805,7000,9001,CT,Fairfield,41
S8841,803,7000,9001,CT,Fairfield,136
S8841,803,7010,9003,CT,Hartford,100
S8841,803,7020,9005,CT,Litchfield,44
S8841,803,7030,9007,CT,Middlesex,35
S8841,803,7040,9009,CT,New Haven,107
S8841,803,7050,9011,CT,New London,81
S8841,803,7060,9013,CT,Tolland,20
S8841,810,7000,9001,CT,Fairfield,13
S9701,801,7000,9001,CT,Fairfield,107
S9701,801,7020,9005,CT,Litchfield,15
S9701,801,7040,9009,CT,New Haven,28
S9701,803,7000,9001,CT,Fairfield,41
S9701,807,7000,9001,CT,Fairfield,39
S9701,807,7020,9005,CT,Litchfield,12
S9701,807,7040,9009,CT,New Haven,20
